category,total_revenue,avg_order_value,number_of_orders
Electronics,237664.0,591.2039800995025,402
Accessories,28506.0,57.012,500
Audio,20214.0,168.45,120
Storage,18718.0,139.6865671641791,134
Memory,12697.0,101.576,125
