region,num_customers,num_orders,total_revenue,avg_revenue_per_customer
Central,161,283,75132.0,466.6583850931677
West,151,255,64099.0,424.49668874172187
East,149,249,63999.0,429.5234899328859
North,115,207,52211.0,454.0086956521739
South,119,221,45527.0,382.5798319327731
Unknown,10,25,5803.0,580.3
